value,packet_index,Attack_type,feature_name
2.0,0,DDoS,tcp.flags
2.0,1,DDoS,tcp.flags
2.0,2,DDoS,tcp.flags
2.0,3,DDoS,tcp.flags
2.0,4,DDoS,tcp.flags
2.0,5,DDoS,tcp.flags
2.0,6,DDoS,tcp.flags
2.0,7,DDoS,tcp.flags
2.0,8,DDoS,tcp.flags
2.0,9,DDoS,tcp.flags
2.0,10,DDoS,tcp.flags
2.0,11,DDoS,tcp.flags
2.0,12,DDoS,tcp.flags
2.0,13,DDoS,tcp.flags
2.0,14,DDoS,tcp.flags
24.0,15,DDoS,tcp.flags
24.0,16,DDoS,tcp.flags
16.0,17,DDoS,tcp.flags
16.0,18,DDoS,tcp.flags
16.0,19,DDoS,tcp.flags
24.0,20,DDoS,tcp.flags
16.0,21,DDoS,tcp.flags
16.0,22,DDoS,tcp.flags
16.0,23,DDoS,tcp.flags
24.0,24,DDoS,tcp.flags
24.0,25,DDoS,tcp.flags
16.0,26,DDoS,tcp.flags
16.0,27,DDoS,tcp.flags
24.0,28,DDoS,tcp.flags
16.0,29,DDoS,tcp.flags
16.0,30,DDoS,tcp.flags
16.0,31,DDoS,tcp.flags
16.0,32,DDoS,tcp.flags
24.0,33,DDoS,tcp.flags
16.0,34,DDoS,tcp.flags
16.0,35,DDoS,tcp.flags
16.0,36,DDoS,tcp.flags
16.0,37,DDoS,tcp.flags
16.0,38,DDoS,tcp.flags
24.0,39,DDoS,tcp.flags
16.0,40,DDoS,tcp.flags
16.0,41,DDoS,tcp.flags
24.0,42,DDoS,tcp.flags
16.0,43,DDoS,tcp.flags
24.0,44,DDoS,tcp.flags
16.0,45,DDoS,tcp.flags
24.0,46,DDoS,tcp.flags
16.0,47,DDoS,tcp.flags
16.0,48,DDoS,tcp.flags
24.0,49,DDoS,tcp.flags
24.0,50,DDoS,tcp.flags
24.0,51,DDoS,tcp.flags
24.0,52,DDoS,tcp.flags
24.0,53,DDoS,tcp.flags
16.0,54,DDoS,tcp.flags
16.0,55,DDoS,tcp.flags
24.0,56,DDoS,tcp.flags
24.0,57,DDoS,tcp.flags
16.0,58,DDoS,tcp.flags
16.0,59,DDoS,tcp.flags
24.0,60,DDoS,tcp.flags
24.0,61,DDoS,tcp.flags
16.0,62,DDoS,tcp.flags
16.0,63,DDoS,tcp.flags
16.0,64,DDoS,tcp.flags
16.0,65,DDoS,tcp.flags
24.0,66,DDoS,tcp.flags
16.0,67,DDoS,tcp.flags
16.0,68,DDoS,tcp.flags
16.0,69,DDoS,tcp.flags
16.0,70,DDoS,tcp.flags
16.0,71,DDoS,tcp.flags
24.0,72,DDoS,tcp.flags
24.0,73,DDoS,tcp.flags
16.0,74,DDoS,tcp.flags
16.0,75,DDoS,tcp.flags
2.0,76,DDoS,tcp.flags
2.0,77,DDoS,tcp.flags
2.0,78,DDoS,tcp.flags
2.0,79,DDoS,tcp.flags
2.0,80,DDoS,tcp.flags
2.0,81,DDoS,tcp.flags
2.0,82,DDoS,tcp.flags
2.0,83,DDoS,tcp.flags
2.0,84,DDoS,tcp.flags
2.0,85,DDoS,tcp.flags
2.0,86,DDoS,tcp.flags
2.0,87,DDoS,tcp.flags
2.0,88,DDoS,tcp.flags
2.0,89,DDoS,tcp.flags
2.0,90,DDoS,tcp.flags
2.0,91,DDoS,tcp.flags
2.0,92,DDoS,tcp.flags
2.0,93,DDoS,tcp.flags
2.0,94,DDoS,tcp.flags
2.0,95,DDoS,tcp.flags
2.0,96,DDoS,tcp.flags
16.0,97,DDoS,tcp.flags
16.0,98,DDoS,tcp.flags
16.0,99,DDoS,tcp.flags
24.0,100,DDoS,tcp.flags
24.0,101,DDoS,tcp.flags
16.0,102,DDoS,tcp.flags
24.0,103,DDoS,tcp.flags
24.0,104,DDoS,tcp.flags
24.0,105,DDoS,tcp.flags
24.0,106,DDoS,tcp.flags
24.0,107,DDoS,tcp.flags
24.0,108,DDoS,tcp.flags
24.0,109,DDoS,tcp.flags
16.0,110,DDoS,tcp.flags
24.0,111,DDoS,tcp.flags
24.0,112,DDoS,tcp.flags
16.0,113,DDoS,tcp.flags
24.0,114,DDoS,tcp.flags
24.0,115,DDoS,tcp.flags
16.0,116,DDoS,tcp.flags
24.0,117,DDoS,tcp.flags
24.0,118,DDoS,tcp.flags
24.0,119,DDoS,tcp.flags
16.0,120,DDoS,tcp.flags
24.0,121,DDoS,tcp.flags
24.0,122,DDoS,tcp.flags
24.0,123,DDoS,tcp.flags
16.0,124,DDoS,tcp.flags
24.0,125,DDoS,tcp.flags
16.0,126,DDoS,tcp.flags
16.0,127,DDoS,tcp.flags
24.0,128,DDoS,tcp.flags
24.0,129,DDoS,tcp.flags
16.0,130,DDoS,tcp.flags
24.0,131,DDoS,tcp.flags
24.0,132,DDoS,tcp.flags
16.0,133,DDoS,tcp.flags
16.0,134,DDoS,tcp.flags
24.0,135,DDoS,tcp.flags
24.0,136,DDoS,tcp.flags
16.0,137,DDoS,tcp.flags
16.0,138,DDoS,tcp.flags
24.0,139,DDoS,tcp.flags
16.0,140,DDoS,tcp.flags
24.0,141,DDoS,tcp.flags
24.0,142,DDoS,tcp.flags
24.0,143,DDoS,tcp.flags
24.0,144,DDoS,tcp.flags
24.0,145,DDoS,tcp.flags
24.0,146,DDoS,tcp.flags
24.0,147,DDoS,tcp.flags
24.0,148,DDoS,tcp.flags
24.0,149,DDoS,tcp.flags
16.0,150,DDoS,tcp.flags
24.0,151,DDoS,tcp.flags
16.0,152,DDoS,tcp.flags
24.0,153,DDoS,tcp.flags
16.0,154,DDoS,tcp.flags
24.0,155,DDoS,tcp.flags
16.0,156,DDoS,tcp.flags
24.0,157,DDoS,tcp.flags
24.0,158,DDoS,tcp.flags
16.0,159,DDoS,tcp.flags
16.0,160,DDoS,tcp.flags
16.0,161,DDoS,tcp.flags
24.0,162,DDoS,tcp.flags
24.0,163,DDoS,tcp.flags
24.0,164,DDoS,tcp.flags
24.0,165,DDoS,tcp.flags
24.0,166,DDoS,tcp.flags
24.0,167,DDoS,tcp.flags
16.0,168,DDoS,tcp.flags
24.0,169,DDoS,tcp.flags
24.0,170,DDoS,tcp.flags
24.0,171,DDoS,tcp.flags
16.0,172,DDoS,tcp.flags
24.0,173,DDoS,tcp.flags
2.0,174,DDoS,tcp.flags
2.0,175,DDoS,tcp.flags
2.0,176,DDoS,tcp.flags
2.0,177,DDoS,tcp.flags
2.0,178,DDoS,tcp.flags
2.0,179,DDoS,tcp.flags
2.0,180,DDoS,tcp.flags
2.0,181,DDoS,tcp.flags
2.0,182,DDoS,tcp.flags
2.0,183,DDoS,tcp.flags
2.0,184,DDoS,tcp.flags
2.0,185,DDoS,tcp.flags
2.0,186,DDoS,tcp.flags
2.0,187,DDoS,tcp.flags
2.0,188,DDoS,tcp.flags
2.0,189,DDoS,tcp.flags
2.0,190,DDoS,tcp.flags
2.0,191,DDoS,tcp.flags
2.0,192,DDoS,tcp.flags
2.0,193,DDoS,tcp.flags
2.0,194,DDoS,tcp.flags
2.0,195,DDoS,tcp.flags
2.0,196,DDoS,tcp.flags
2.0,197,DDoS,tcp.flags
2.0,198,DDoS,tcp.flags
2.0,199,DDoS,tcp.flags
24.0,200,DDoS,tcp.flags
16.0,201,DDoS,tcp.flags
24.0,202,DDoS,tcp.flags
24.0,203,DDoS,tcp.flags
16.0,204,DDoS,tcp.flags
24.0,205,DDoS,tcp.flags
16.0,206,DDoS,tcp.flags
24.0,207,DDoS,tcp.flags
16.0,208,DDoS,tcp.flags
24.0,209,DDoS,tcp.flags
16.0,210,DDoS,tcp.flags
16.0,211,DDoS,tcp.flags
16.0,212,DDoS,tcp.flags
24.0,213,DDoS,tcp.flags
16.0,214,DDoS,tcp.flags
24.0,215,DDoS,tcp.flags
16.0,216,DDoS,tcp.flags
16.0,217,DDoS,tcp.flags
24.0,218,DDoS,tcp.flags
24.0,219,DDoS,tcp.flags
16.0,220,DDoS,tcp.flags
24.0,221,DDoS,tcp.flags
24.0,222,DDoS,tcp.flags
24.0,223,DDoS,tcp.flags
16.0,224,DDoS,tcp.flags
24.0,225,DDoS,tcp.flags
24.0,226,DDoS,tcp.flags
24.0,227,DDoS,tcp.flags
16.0,228,DDoS,tcp.flags
16.0,229,DDoS,tcp.flags
16.0,230,DDoS,tcp.flags
24.0,231,DDoS,tcp.flags
16.0,232,DDoS,tcp.flags
24.0,233,DDoS,tcp.flags
24.0,234,DDoS,tcp.flags
24.0,235,DDoS,tcp.flags
16.0,236,DDoS,tcp.flags
24.0,237,DDoS,tcp.flags
16.0,238,DDoS,tcp.flags
24.0,239,DDoS,tcp.flags
24.0,240,DDoS,tcp.flags
16.0,241,DDoS,tcp.flags
24.0,242,DDoS,tcp.flags
16.0,243,DDoS,tcp.flags
16.0,244,DDoS,tcp.flags
24.0,245,DDoS,tcp.flags
24.0,246,DDoS,tcp.flags
24.0,247,DDoS,tcp.flags
16.0,248,DDoS,tcp.flags
16.0,249,DDoS,tcp.flags
16.0,250,DDoS,tcp.flags
16.0,251,DDoS,tcp.flags
24.0,252,DDoS,tcp.flags
16.0,253,DDoS,tcp.flags
24.0,254,DDoS,tcp.flags
2.0,255,DDoS,tcp.flags
2.0,256,DDoS,tcp.flags
24.0,257,DDoS,tcp.flags
24.0,258,DDoS,tcp.flags
24.0,259,DDoS,tcp.flags
16.0,260,DDoS,tcp.flags
16.0,261,DDoS,tcp.flags
24.0,262,DDoS,tcp.flags
16.0,263,DDoS,tcp.flags
24.0,264,DDoS,tcp.flags
24.0,265,DDoS,tcp.flags
16.0,266,DDoS,tcp.flags
16.0,267,DDoS,tcp.flags
16.0,268,DDoS,tcp.flags
24.0,269,DDoS,tcp.flags
16.0,270,DDoS,tcp.flags
16.0,271,DDoS,tcp.flags
16.0,272,DDoS,tcp.flags
24.0,273,DDoS,tcp.flags
24.0,274,DDoS,tcp.flags
24.0,275,DDoS,tcp.flags
24.0,276,DDoS,tcp.flags
16.0,277,DDoS,tcp.flags
24.0,278,DDoS,tcp.flags
24.0,279,DDoS,tcp.flags
16.0,280,DDoS,tcp.flags
16.0,281,DDoS,tcp.flags
16.0,282,DDoS,tcp.flags
16.0,283,DDoS,tcp.flags
24.0,284,DDoS,tcp.flags
16.0,285,DDoS,tcp.flags
16.0,286,DDoS,tcp.flags
16.0,287,DDoS,tcp.flags
24.0,288,DDoS,tcp.flags
16.0,289,DDoS,tcp.flags
24.0,290,DDoS,tcp.flags
16.0,291,DDoS,tcp.flags
24.0,292,DDoS,tcp.flags
24.0,293,DDoS,tcp.flags
16.0,294,DDoS,tcp.flags
16.0,295,DDoS,tcp.flags
16.0,296,DDoS,tcp.flags
16.0,297,DDoS,tcp.flags
16.0,298,DDoS,tcp.flags
16.0,299,DDoS,tcp.flags
35306.0,0,Backdoor,tcp.srcport
4321.0,1,Backdoor,tcp.srcport
35306.0,2,Backdoor,tcp.srcport
4321.0,3,Backdoor,tcp.srcport
35306.0,4,Backdoor,tcp.srcport
4321.0,5,Backdoor,tcp.srcport
0.0,6,Backdoor,tcp.srcport
0.0,7,Backdoor,tcp.srcport
35306.0,8,Backdoor,tcp.srcport
4321.0,9,Backdoor,tcp.srcport
35306.0,10,Backdoor,tcp.srcport
4321.0,11,Backdoor,tcp.srcport
35306.0,12,Backdoor,tcp.srcport
4321.0,13,Backdoor,tcp.srcport
35306.0,14,Backdoor,tcp.srcport
4321.0,15,Backdoor,tcp.srcport
35306.0,16,Backdoor,tcp.srcport
4321.0,17,Backdoor,tcp.srcport
35306.0,18,Backdoor,tcp.srcport
4321.0,19,Backdoor,tcp.srcport
35306.0,20,Backdoor,tcp.srcport
4321.0,21,Backdoor,tcp.srcport
35306.0,22,Backdoor,tcp.srcport
4321.0,23,Backdoor,tcp.srcport
35306.0,24,Backdoor,tcp.srcport
4321.0,25,Backdoor,tcp.srcport
35306.0,26,Backdoor,tcp.srcport
4321.0,27,Backdoor,tcp.srcport
35306.0,28,Backdoor,tcp.srcport
4321.0,29,Backdoor,tcp.srcport
35306.0,30,Backdoor,tcp.srcport
4321.0,31,Backdoor,tcp.srcport
35306.0,32,Backdoor,tcp.srcport
4321.0,33,Backdoor,tcp.srcport
35306.0,34,Backdoor,tcp.srcport
4321.0,35,Backdoor,tcp.srcport
35306.0,36,Backdoor,tcp.srcport
4321.0,37,Backdoor,tcp.srcport
35306.0,38,Backdoor,tcp.srcport
4321.0,39,Backdoor,tcp.srcport
35306.0,40,Backdoor,tcp.srcport
4321.0,41,Backdoor,tcp.srcport
35306.0,42,Backdoor,tcp.srcport
4321.0,43,Backdoor,tcp.srcport
35306.0,44,Backdoor,tcp.srcport
4321.0,45,Backdoor,tcp.srcport
35306.0,46,Backdoor,tcp.srcport
4321.0,47,Backdoor,tcp.srcport
35306.0,48,Backdoor,tcp.srcport
4321.0,49,Backdoor,tcp.srcport
35306.0,50,Backdoor,tcp.srcport
4321.0,51,Backdoor,tcp.srcport
35306.0,52,Backdoor,tcp.srcport
4321.0,53,Backdoor,tcp.srcport
35306.0,54,Backdoor,tcp.srcport
4321.0,55,Backdoor,tcp.srcport
35306.0,56,Backdoor,tcp.srcport
4321.0,57,Backdoor,tcp.srcport
35306.0,58,Backdoor,tcp.srcport
4321.0,59,Backdoor,tcp.srcport
35306.0,60,Backdoor,tcp.srcport
4321.0,61,Backdoor,tcp.srcport
35306.0,62,Backdoor,tcp.srcport
4321.0,63,Backdoor,tcp.srcport
35306.0,64,Backdoor,tcp.srcport
4321.0,65,Backdoor,tcp.srcport
35306.0,66,Backdoor,tcp.srcport
4321.0,67,Backdoor,tcp.srcport
35306.0,68,Backdoor,tcp.srcport
4321.0,69,Backdoor,tcp.srcport
35306.0,70,Backdoor,tcp.srcport
4321.0,71,Backdoor,tcp.srcport
35306.0,72,Backdoor,tcp.srcport
35306.0,73,Backdoor,tcp.srcport
4321.0,74,Backdoor,tcp.srcport
4321.0,75,Backdoor,tcp.srcport
35306.0,76,Backdoor,tcp.srcport
4321.0,77,Backdoor,tcp.srcport
35306.0,78,Backdoor,tcp.srcport
4321.0,79,Backdoor,tcp.srcport
35306.0,80,Backdoor,tcp.srcport
4321.0,81,Backdoor,tcp.srcport
35306.0,82,Backdoor,tcp.srcport
4321.0,83,Backdoor,tcp.srcport
35306.0,84,Backdoor,tcp.srcport
35306.0,85,Backdoor,tcp.srcport
35306.0,86,Backdoor,tcp.srcport
35306.0,87,Backdoor,tcp.srcport
35306.0,88,Backdoor,tcp.srcport
35306.0,89,Backdoor,tcp.srcport
4321.0,90,Backdoor,tcp.srcport
35306.0,91,Backdoor,tcp.srcport
4321.0,92,Backdoor,tcp.srcport
0.0,93,Backdoor,tcp.srcport
35306.0,94,Backdoor,tcp.srcport
4321.0,95,Backdoor,tcp.srcport
35306.0,96,Backdoor,tcp.srcport
4321.0,97,Backdoor,tcp.srcport
35306.0,98,Backdoor,tcp.srcport
4321.0,99,Backdoor,tcp.srcport
35306.0,100,Backdoor,tcp.srcport
4321.0,101,Backdoor,tcp.srcport
35306.0,102,Backdoor,tcp.srcport
4321.0,103,Backdoor,tcp.srcport
35306.0,104,Backdoor,tcp.srcport
4321.0,105,Backdoor,tcp.srcport
35306.0,106,Backdoor,tcp.srcport
4321.0,107,Backdoor,tcp.srcport
35306.0,108,Backdoor,tcp.srcport
4321.0,109,Backdoor,tcp.srcport
35306.0,110,Backdoor,tcp.srcport
4321.0,111,Backdoor,tcp.srcport
35306.0,112,Backdoor,tcp.srcport
4321.0,113,Backdoor,tcp.srcport
35306.0,114,Backdoor,tcp.srcport
4321.0,115,Backdoor,tcp.srcport
35306.0,116,Backdoor,tcp.srcport
4321.0,117,Backdoor,tcp.srcport
35306.0,118,Backdoor,tcp.srcport
4321.0,119,Backdoor,tcp.srcport
35306.0,120,Backdoor,tcp.srcport
4321.0,121,Backdoor,tcp.srcport
35306.0,122,Backdoor,tcp.srcport
4321.0,123,Backdoor,tcp.srcport
35306.0,124,Backdoor,tcp.srcport
4321.0,125,Backdoor,tcp.srcport
35306.0,126,Backdoor,tcp.srcport
4321.0,127,Backdoor,tcp.srcport
35306.0,128,Backdoor,tcp.srcport
4321.0,129,Backdoor,tcp.srcport
35306.0,130,Backdoor,tcp.srcport
4321.0,131,Backdoor,tcp.srcport
35306.0,132,Backdoor,tcp.srcport
4321.0,133,Backdoor,tcp.srcport
35306.0,134,Backdoor,tcp.srcport
4321.0,135,Backdoor,tcp.srcport
35306.0,136,Backdoor,tcp.srcport
4321.0,137,Backdoor,tcp.srcport
35306.0,138,Backdoor,tcp.srcport
4321.0,139,Backdoor,tcp.srcport
35306.0,140,Backdoor,tcp.srcport
4321.0,141,Backdoor,tcp.srcport
35306.0,142,Backdoor,tcp.srcport
4321.0,143,Backdoor,tcp.srcport
35306.0,144,Backdoor,tcp.srcport
4321.0,145,Backdoor,tcp.srcport
35306.0,146,Backdoor,tcp.srcport
4321.0,147,Backdoor,tcp.srcport
35306.0,148,Backdoor,tcp.srcport
4321.0,149,Backdoor,tcp.srcport
35306.0,150,Backdoor,tcp.srcport
4321.0,151,Backdoor,tcp.srcport
35306.0,152,Backdoor,tcp.srcport
4321.0,153,Backdoor,tcp.srcport
35306.0,154,Backdoor,tcp.srcport
4321.0,155,Backdoor,tcp.srcport
35306.0,156,Backdoor,tcp.srcport
4321.0,157,Backdoor,tcp.srcport
35306.0,158,Backdoor,tcp.srcport
4321.0,159,Backdoor,tcp.srcport
35306.0,160,Backdoor,tcp.srcport
4321.0,161,Backdoor,tcp.srcport
35306.0,162,Backdoor,tcp.srcport
4321.0,163,Backdoor,tcp.srcport
35306.0,164,Backdoor,tcp.srcport
4321.0,165,Backdoor,tcp.srcport
35306.0,166,Backdoor,tcp.srcport
4321.0,167,Backdoor,tcp.srcport
35306.0,168,Backdoor,tcp.srcport
4321.0,169,Backdoor,tcp.srcport
35306.0,170,Backdoor,tcp.srcport
4321.0,171,Backdoor,tcp.srcport
35306.0,172,Backdoor,tcp.srcport
4321.0,173,Backdoor,tcp.srcport
35306.0,174,Backdoor,tcp.srcport
4321.0,175,Backdoor,tcp.srcport
35306.0,176,Backdoor,tcp.srcport
4321.0,177,Backdoor,tcp.srcport
35306.0,178,Backdoor,tcp.srcport
4321.0,179,Backdoor,tcp.srcport
35306.0,180,Backdoor,tcp.srcport
4321.0,181,Backdoor,tcp.srcport
35306.0,182,Backdoor,tcp.srcport
4321.0,183,Backdoor,tcp.srcport
35306.0,184,Backdoor,tcp.srcport
4321.0,185,Backdoor,tcp.srcport
35306.0,186,Backdoor,tcp.srcport
4321.0,187,Backdoor,tcp.srcport
35306.0,188,Backdoor,tcp.srcport
4321.0,189,Backdoor,tcp.srcport
35306.0,190,Backdoor,tcp.srcport
4321.0,191,Backdoor,tcp.srcport
35306.0,192,Backdoor,tcp.srcport
4321.0,193,Backdoor,tcp.srcport
35306.0,194,Backdoor,tcp.srcport
4321.0,195,Backdoor,tcp.srcport
35306.0,196,Backdoor,tcp.srcport
4321.0,197,Backdoor,tcp.srcport
35306.0,198,Backdoor,tcp.srcport
4321.0,199,Backdoor,tcp.srcport
35306.0,200,Backdoor,tcp.srcport
4321.0,201,Backdoor,tcp.srcport
35306.0,202,Backdoor,tcp.srcport
4321.0,203,Backdoor,tcp.srcport
35306.0,204,Backdoor,tcp.srcport
4321.0,205,Backdoor,tcp.srcport
35306.0,206,Backdoor,tcp.srcport
4321.0,207,Backdoor,tcp.srcport
35306.0,208,Backdoor,tcp.srcport
4321.0,209,Backdoor,tcp.srcport
35306.0,210,Backdoor,tcp.srcport
4321.0,211,Backdoor,tcp.srcport
35306.0,212,Backdoor,tcp.srcport
4321.0,213,Backdoor,tcp.srcport
35306.0,214,Backdoor,tcp.srcport
4321.0,215,Backdoor,tcp.srcport
35306.0,216,Backdoor,tcp.srcport
4321.0,217,Backdoor,tcp.srcport
35306.0,218,Backdoor,tcp.srcport
4321.0,219,Backdoor,tcp.srcport
35306.0,220,Backdoor,tcp.srcport
4321.0,221,Backdoor,tcp.srcport
35306.0,222,Backdoor,tcp.srcport
4321.0,223,Backdoor,tcp.srcport
35306.0,224,Backdoor,tcp.srcport
4321.0,225,Backdoor,tcp.srcport
35306.0,226,Backdoor,tcp.srcport
4321.0,227,Backdoor,tcp.srcport
35306.0,228,Backdoor,tcp.srcport
4321.0,229,Backdoor,tcp.srcport
35306.0,230,Backdoor,tcp.srcport
4321.0,231,Backdoor,tcp.srcport
35306.0,232,Backdoor,tcp.srcport
4321.0,233,Backdoor,tcp.srcport
35306.0,234,Backdoor,tcp.srcport
4321.0,235,Backdoor,tcp.srcport
35306.0,236,Backdoor,tcp.srcport
4321.0,237,Backdoor,tcp.srcport
35306.0,238,Backdoor,tcp.srcport
4321.0,239,Backdoor,tcp.srcport
35306.0,240,Backdoor,tcp.srcport
4321.0,241,Backdoor,tcp.srcport
35306.0,242,Backdoor,tcp.srcport
4321.0,243,Backdoor,tcp.srcport
35306.0,244,Backdoor,tcp.srcport
4321.0,245,Backdoor,tcp.srcport
35306.0,246,Backdoor,tcp.srcport
4321.0,247,Backdoor,tcp.srcport
35306.0,248,Backdoor,tcp.srcport
4321.0,249,Backdoor,tcp.srcport
35306.0,250,Backdoor,tcp.srcport
4321.0,251,Backdoor,tcp.srcport
35306.0,252,Backdoor,tcp.srcport
4321.0,253,Backdoor,tcp.srcport
35306.0,254,Backdoor,tcp.srcport
4321.0,255,Backdoor,tcp.srcport
35306.0,256,Backdoor,tcp.srcport
4321.0,257,Backdoor,tcp.srcport
35306.0,258,Backdoor,tcp.srcport
35306.0,259,Backdoor,tcp.srcport
35306.0,260,Backdoor,tcp.srcport
35306.0,261,Backdoor,tcp.srcport
35306.0,262,Backdoor,tcp.srcport
35306.0,263,Backdoor,tcp.srcport
4321.0,264,Backdoor,tcp.srcport
35306.0,265,Backdoor,tcp.srcport
4321.0,266,Backdoor,tcp.srcport
4321.0,267,Backdoor,tcp.srcport
35306.0,268,Backdoor,tcp.srcport
4321.0,269,Backdoor,tcp.srcport
35306.0,270,Backdoor,tcp.srcport
4321.0,271,Backdoor,tcp.srcport
35306.0,272,Backdoor,tcp.srcport
4321.0,273,Backdoor,tcp.srcport
35306.0,274,Backdoor,tcp.srcport
4321.0,275,Backdoor,tcp.srcport
35306.0,276,Backdoor,tcp.srcport
4321.0,277,Backdoor,tcp.srcport
35306.0,278,Backdoor,tcp.srcport
4321.0,279,Backdoor,tcp.srcport
35306.0,280,Backdoor,tcp.srcport
4321.0,281,Backdoor,tcp.srcport
35306.0,282,Backdoor,tcp.srcport
4321.0,283,Backdoor,tcp.srcport
35306.0,284,Backdoor,tcp.srcport
4321.0,285,Backdoor,tcp.srcport
35306.0,286,Backdoor,tcp.srcport
4321.0,287,Backdoor,tcp.srcport
35306.0,288,Backdoor,tcp.srcport
4321.0,289,Backdoor,tcp.srcport
35306.0,290,Backdoor,tcp.srcport
4321.0,291,Backdoor,tcp.srcport
35306.0,292,Backdoor,tcp.srcport
4321.0,293,Backdoor,tcp.srcport
35306.0,294,Backdoor,tcp.srcport
4321.0,295,Backdoor,tcp.srcport
35306.0,296,Backdoor,tcp.srcport
4321.0,297,Backdoor,tcp.srcport
35306.0,298,Backdoor,tcp.srcport
4321.0,299,Backdoor,tcp.srcport
0.0,0,Intrusion,tcp.ack
367.0,1,Intrusion,tcp.ack
368.0,2,Intrusion,tcp.ack
367.0,3,Intrusion,tcp.ack
368.0,4,Intrusion,tcp.ack
335.0,5,Intrusion,tcp.ack
1.0,6,Intrusion,tcp.ack
479.0,7,Intrusion,tcp.ack
1.0,8,Intrusion,tcp.ack
479.0,9,Intrusion,tcp.ack
1.0,10,Intrusion,tcp.ack
0.0,11,Intrusion,tcp.ack
479.0,12,Intrusion,tcp.ack
1.0,13,Intrusion,tcp.ack
344.0,14,Intrusion,tcp.ack
479.0,15,Intrusion,tcp.ack
479.0,16,Intrusion,tcp.ack
1.0,17,Intrusion,tcp.ack
338.0,18,Intrusion,tcp.ack
479.0,19,Intrusion,tcp.ack
407.0,20,Intrusion,tcp.ack
1.0,21,Intrusion,tcp.ack
440.0,22,Intrusion,tcp.ack
0.0,23,Intrusion,tcp.ack
1.0,24,Intrusion,tcp.ack
1.0,25,Intrusion,tcp.ack
479.0,26,Intrusion,tcp.ack
478.0,27,Intrusion,tcp.ack
1.0,28,Intrusion,tcp.ack
1.0,29,Intrusion,tcp.ack
0.0,30,Intrusion,tcp.ack
479.0,31,Intrusion,tcp.ack
479.0,32,Intrusion,tcp.ack
1.0,33,Intrusion,tcp.ack
609.0,34,Intrusion,tcp.ack
478.0,35,Intrusion,tcp.ack
1.0,36,Intrusion,tcp.ack
646.0,37,Intrusion,tcp.ack
0.0,38,Intrusion,tcp.ack
1.0,39,Intrusion,tcp.ack
1.0,40,Intrusion,tcp.ack
479.0,41,Intrusion,tcp.ack
647.0,42,Intrusion,tcp.ack
1.0,43,Intrusion,tcp.ack
1.0,44,Intrusion,tcp.ack
0.0,45,Intrusion,tcp.ack
589.0,46,Intrusion,tcp.ack
1.0,47,Intrusion,tcp.ack
479.0,48,Intrusion,tcp.ack
479.0,49,Intrusion,tcp.ack
478.0,50,Intrusion,tcp.ack
1.0,51,Intrusion,tcp.ack
479.0,52,Intrusion,tcp.ack
705.0,53,Intrusion,tcp.ack
1.0,54,Intrusion,tcp.ack
705.0,55,Intrusion,tcp.ack
479.0,56,Intrusion,tcp.ack
679.0,57,Intrusion,tcp.ack
478.0,58,Intrusion,tcp.ack
0.0,59,Intrusion,tcp.ack
688.0,60,Intrusion,tcp.ack
688.0,61,Intrusion,tcp.ack
688.0,62,Intrusion,tcp.ack
1.0,63,Intrusion,tcp.ack
0.0,64,Intrusion,tcp.ack
479.0,65,Intrusion,tcp.ack
689.0,66,Intrusion,tcp.ack
717.0,67,Intrusion,tcp.ack
1.0,68,Intrusion,tcp.ack
711.0,69,Intrusion,tcp.ack
430.0,70,Intrusion,tcp.ack
479.0,71,Intrusion,tcp.ack
0.0,72,Intrusion,tcp.ack
1.0,73,Intrusion,tcp.ack
318.0,74,Intrusion,tcp.ack
479.0,75,Intrusion,tcp.ack
1.0,76,Intrusion,tcp.ack
315.0,77,Intrusion,tcp.ack
479.0,78,Intrusion,tcp.ack
316.0,79,Intrusion,tcp.ack
478.0,80,Intrusion,tcp.ack
318.0,81,Intrusion,tcp.ack
0.0,82,Intrusion,tcp.ack
478.0,83,Intrusion,tcp.ack
0.0,84,Intrusion,tcp.ack
330.0,85,Intrusion,tcp.ack
478.0,86,Intrusion,tcp.ack
479.0,87,Intrusion,tcp.ack
479.0,88,Intrusion,tcp.ack
479.0,89,Intrusion,tcp.ack
0.0,90,Intrusion,tcp.ack
1.0,91,Intrusion,tcp.ack
478.0,92,Intrusion,tcp.ack
478.0,93,Intrusion,tcp.ack
0.0,94,Intrusion,tcp.ack
1.0,95,Intrusion,tcp.ack
1.0,96,Intrusion,tcp.ack
479.0,97,Intrusion,tcp.ack
417.0,98,Intrusion,tcp.ack
1.0,99,Intrusion,tcp.ack
384.0,100,Intrusion,tcp.ack
384.0,101,Intrusion,tcp.ack
0.0,102,Intrusion,tcp.ack
1.0,103,Intrusion,tcp.ack
479.0,104,Intrusion,tcp.ack
479.0,105,Intrusion,tcp.ack
0.0,106,Intrusion,tcp.ack
1.0,107,Intrusion,tcp.ack
478.0,108,Intrusion,tcp.ack
1.0,109,Intrusion,tcp.ack
396.0,110,Intrusion,tcp.ack
1.0,111,Intrusion,tcp.ack
479.0,112,Intrusion,tcp.ack
390.0,113,Intrusion,tcp.ack
479.0,114,Intrusion,tcp.ack
478.0,115,Intrusion,tcp.ack
479.0,116,Intrusion,tcp.ack
1.0,117,Intrusion,tcp.ack
0.0,118,Intrusion,tcp.ack
1.0,119,Intrusion,tcp.ack
1.0,120,Intrusion,tcp.ack
355.0,121,Intrusion,tcp.ack
356.0,122,Intrusion,tcp.ack
0.0,123,Intrusion,tcp.ack
1.0,124,Intrusion,tcp.ack
384.0,125,Intrusion,tcp.ack
384.0,126,Intrusion,tcp.ack
1.0,127,Intrusion,tcp.ack
378.0,128,Intrusion,tcp.ack
0.0,129,Intrusion,tcp.ack
1.0,130,Intrusion,tcp.ack
1.0,131,Intrusion,tcp.ack
348.0,132,Intrusion,tcp.ack
1.0,133,Intrusion,tcp.ack
322.0,134,Intrusion,tcp.ack
322.0,135,Intrusion,tcp.ack
1.0,136,Intrusion,tcp.ack
323.0,137,Intrusion,tcp.ack
479.0,138,Intrusion,tcp.ack
331.0,139,Intrusion,tcp.ack
360.0,140,Intrusion,tcp.ack
360.0,141,Intrusion,tcp.ack
361.0,142,Intrusion,tcp.ack
354.0,143,Intrusion,tcp.ack
478.0,144,Intrusion,tcp.ack
355.0,145,Intrusion,tcp.ack
427.0,146,Intrusion,tcp.ack
401.0,147,Intrusion,tcp.ack
479.0,148,Intrusion,tcp.ack
0.0,149,Intrusion,tcp.ack
1.0,150,Intrusion,tcp.ack
1.0,151,Intrusion,tcp.ack
1.0,152,Intrusion,tcp.ack
479.0,153,Intrusion,tcp.ack
411.0,154,Intrusion,tcp.ack
1.0,155,Intrusion,tcp.ack
0.0,156,Intrusion,tcp.ack
440.0,157,Intrusion,tcp.ack
433.0,158,Intrusion,tcp.ack
433.0,159,Intrusion,tcp.ack
434.0,160,Intrusion,tcp.ack
1.0,161,Intrusion,tcp.ack
315.0,162,Intrusion,tcp.ack
318.0,163,Intrusion,tcp.ack
318.0,164,Intrusion,tcp.ack
0.0,165,Intrusion,tcp.ack
478.0,166,Intrusion,tcp.ack
1.0,167,Intrusion,tcp.ack
1.0,168,Intrusion,tcp.ack
312.0,169,Intrusion,tcp.ack
478.0,170,Intrusion,tcp.ack
1.0,171,Intrusion,tcp.ack
312.0,172,Intrusion,tcp.ack
318.0,173,Intrusion,tcp.ack
318.0,174,Intrusion,tcp.ack
0.0,175,Intrusion,tcp.ack
319.0,176,Intrusion,tcp.ack
1.0,177,Intrusion,tcp.ack
479.0,178,Intrusion,tcp.ack
1.0,179,Intrusion,tcp.ack
318.0,180,Intrusion,tcp.ack
1.0,181,Intrusion,tcp.ack
478.0,182,Intrusion,tcp.ack
0.0,183,Intrusion,tcp.ack
316.0,184,Intrusion,tcp.ack
317.0,185,Intrusion,tcp.ack
315.0,186,Intrusion,tcp.ack
315.0,187,Intrusion,tcp.ack
478.0,188,Intrusion,tcp.ack
1.0,189,Intrusion,tcp.ack
479.0,190,Intrusion,tcp.ack
308.0,191,Intrusion,tcp.ack
1.0,192,Intrusion,tcp.ack
346.0,193,Intrusion,tcp.ack
346.0,194,Intrusion,tcp.ack
347.0,195,Intrusion,tcp.ack
1.0,196,Intrusion,tcp.ack
340.0,197,Intrusion,tcp.ack
479.0,198,Intrusion,tcp.ack
0.0,199,Intrusion,tcp.ack
317.0,200,Intrusion,tcp.ack
1.0,201,Intrusion,tcp.ack
318.0,202,Intrusion,tcp.ack
1.0,203,Intrusion,tcp.ack
1.0,204,Intrusion,tcp.ack
415.0,205,Intrusion,tcp.ack
0.0,206,Intrusion,tcp.ack
1.0,207,Intrusion,tcp.ack
479.0,208,Intrusion,tcp.ack
0.0,209,Intrusion,tcp.ack
1.0,210,Intrusion,tcp.ack
478.0,211,Intrusion,tcp.ack
478.0,212,Intrusion,tcp.ack
449.0,213,Intrusion,tcp.ack
1.0,214,Intrusion,tcp.ack
478.0,215,Intrusion,tcp.ack
426.0,216,Intrusion,tcp.ack
1.0,217,Intrusion,tcp.ack
610.0,218,Intrusion,tcp.ack
1.0,219,Intrusion,tcp.ack
648.0,220,Intrusion,tcp.ack
648.0,221,Intrusion,tcp.ack
479.0,222,Intrusion,tcp.ack
1.0,223,Intrusion,tcp.ack
642.0,224,Intrusion,tcp.ack
642.0,225,Intrusion,tcp.ack
479.0,226,Intrusion,tcp.ack
1.0,227,Intrusion,tcp.ack
1.0,228,Intrusion,tcp.ack
617.0,229,Intrusion,tcp.ack
479.0,230,Intrusion,tcp.ack
479.0,231,Intrusion,tcp.ack
618.0,232,Intrusion,tcp.ack
0.0,233,Intrusion,tcp.ack
478.0,234,Intrusion,tcp.ack
629.0,235,Intrusion,tcp.ack
629.0,236,Intrusion,tcp.ack
1.0,237,Intrusion,tcp.ack
623.0,238,Intrusion,tcp.ack
623.0,239,Intrusion,tcp.ack
1.0,240,Intrusion,tcp.ack
1.0,241,Intrusion,tcp.ack
707.0,242,Intrusion,tcp.ack
479.0,243,Intrusion,tcp.ack
708.0,244,Intrusion,tcp.ack
681.0,245,Intrusion,tcp.ack
478.0,246,Intrusion,tcp.ack
1.0,247,Intrusion,tcp.ack
719.0,248,Intrusion,tcp.ack
714.0,249,Intrusion,tcp.ack
1.0,250,Intrusion,tcp.ack
1.0,251,Intrusion,tcp.ack
479.0,252,Intrusion,tcp.ack
0.0,253,Intrusion,tcp.ack
1.0,254,Intrusion,tcp.ack
317.0,255,Intrusion,tcp.ack
478.0,256,Intrusion,tcp.ack
479.0,257,Intrusion,tcp.ack
1.0,258,Intrusion,tcp.ack
323.0,259,Intrusion,tcp.ack
324.0,260,Intrusion,tcp.ack
0.0,261,Intrusion,tcp.ack
0.0,262,Intrusion,tcp.ack
320.0,263,Intrusion,tcp.ack
1.0,264,Intrusion,tcp.ack
1.0,265,Intrusion,tcp.ack
478.0,266,Intrusion,tcp.ack
479.0,267,Intrusion,tcp.ack
1.0,268,Intrusion,tcp.ack
478.0,269,Intrusion,tcp.ack
333.0,270,Intrusion,tcp.ack
0.0,271,Intrusion,tcp.ack
1.0,272,Intrusion,tcp.ack
0.0,273,Intrusion,tcp.ack
418.0,274,Intrusion,tcp.ack
1.0,275,Intrusion,tcp.ack
415.0,276,Intrusion,tcp.ack
416.0,277,Intrusion,tcp.ack
1.0,278,Intrusion,tcp.ack
1.0,279,Intrusion,tcp.ack
478.0,280,Intrusion,tcp.ack
479.0,281,Intrusion,tcp.ack
386.0,282,Intrusion,tcp.ack
478.0,283,Intrusion,tcp.ack
0.0,284,Intrusion,tcp.ack
398.0,285,Intrusion,tcp.ack
1.0,286,Intrusion,tcp.ack
1.0,287,Intrusion,tcp.ack
369.0,288,Intrusion,tcp.ack
374.0,289,Intrusion,tcp.ack
374.0,290,Intrusion,tcp.ack
1.0,291,Intrusion,tcp.ack
1.0,292,Intrusion,tcp.ack
348.0,293,Intrusion,tcp.ack
0.0,294,Intrusion,tcp.ack
1.0,295,Intrusion,tcp.ack
386.0,296,Intrusion,tcp.ack
386.0,297,Intrusion,tcp.ack
387.0,298,Intrusion,tcp.ack
380.0,299,Intrusion,tcp.ack
0.0,0,Reconnaissance,tcp.ack
0.0,1,Reconnaissance,tcp.ack
0.0,2,Reconnaissance,tcp.ack
0.0,3,Reconnaissance,tcp.ack
0.0,4,Reconnaissance,tcp.ack
0.0,5,Reconnaissance,tcp.ack
0.0,6,Reconnaissance,tcp.ack
0.0,7,Reconnaissance,tcp.ack
0.0,8,Reconnaissance,tcp.ack
0.0,9,Reconnaissance,tcp.ack
1.0,10,Reconnaissance,tcp.ack
0.0,11,Reconnaissance,tcp.ack
1.0,12,Reconnaissance,tcp.ack
0.0,13,Reconnaissance,tcp.ack
0.0,14,Reconnaissance,tcp.ack
0.0,15,Reconnaissance,tcp.ack
0.0,16,Reconnaissance,tcp.ack
0.0,17,Reconnaissance,tcp.ack
0.0,18,Reconnaissance,tcp.ack
0.0,19,Reconnaissance,tcp.ack
0.0,20,Reconnaissance,tcp.ack
1.0,21,Reconnaissance,tcp.ack
0.0,22,Reconnaissance,tcp.ack
1.0,23,Reconnaissance,tcp.ack
0.0,24,Reconnaissance,tcp.ack
0.0,25,Reconnaissance,tcp.ack
0.0,26,Reconnaissance,tcp.ack
0.0,27,Reconnaissance,tcp.ack
0.0,28,Reconnaissance,tcp.ack
0.0,29,Reconnaissance,tcp.ack
0.0,30,Reconnaissance,tcp.ack
0.0,31,Reconnaissance,tcp.ack
1.0,32,Reconnaissance,tcp.ack
0.0,33,Reconnaissance,tcp.ack
1.0,34,Reconnaissance,tcp.ack
0.0,35,Reconnaissance,tcp.ack
0.0,36,Reconnaissance,tcp.ack
0.0,37,Reconnaissance,tcp.ack
0.0,38,Reconnaissance,tcp.ack
0.0,39,Reconnaissance,tcp.ack
0.0,40,Reconnaissance,tcp.ack
0.0,41,Reconnaissance,tcp.ack
0.0,42,Reconnaissance,tcp.ack
1.0,43,Reconnaissance,tcp.ack
0.0,44,Reconnaissance,tcp.ack
1.0,45,Reconnaissance,tcp.ack
0.0,46,Reconnaissance,tcp.ack
0.0,47,Reconnaissance,tcp.ack
0.0,48,Reconnaissance,tcp.ack
0.0,49,Reconnaissance,tcp.ack
0.0,50,Reconnaissance,tcp.ack
0.0,51,Reconnaissance,tcp.ack
0.0,52,Reconnaissance,tcp.ack
0.0,53,Reconnaissance,tcp.ack
1.0,54,Reconnaissance,tcp.ack
0.0,55,Reconnaissance,tcp.ack
1.0,56,Reconnaissance,tcp.ack
0.0,57,Reconnaissance,tcp.ack
0.0,58,Reconnaissance,tcp.ack
0.0,59,Reconnaissance,tcp.ack
0.0,60,Reconnaissance,tcp.ack
0.0,61,Reconnaissance,tcp.ack
0.0,62,Reconnaissance,tcp.ack
0.0,63,Reconnaissance,tcp.ack
0.0,64,Reconnaissance,tcp.ack
1.0,65,Reconnaissance,tcp.ack
0.0,66,Reconnaissance,tcp.ack
0.0,67,Reconnaissance,tcp.ack
0.0,68,Reconnaissance,tcp.ack
0.0,69,Reconnaissance,tcp.ack
0.0,70,Reconnaissance,tcp.ack
0.0,71,Reconnaissance,tcp.ack
0.0,72,Reconnaissance,tcp.ack
0.0,73,Reconnaissance,tcp.ack
0.0,74,Reconnaissance,tcp.ack
1.0,75,Reconnaissance,tcp.ack
0.0,76,Reconnaissance,tcp.ack
1.0,77,Reconnaissance,tcp.ack
0.0,78,Reconnaissance,tcp.ack
0.0,79,Reconnaissance,tcp.ack
0.0,80,Reconnaissance,tcp.ack
0.0,81,Reconnaissance,tcp.ack
0.0,82,Reconnaissance,tcp.ack
0.0,83,Reconnaissance,tcp.ack
0.0,84,Reconnaissance,tcp.ack
0.0,85,Reconnaissance,tcp.ack
1.0,86,Reconnaissance,tcp.ack
0.0,87,Reconnaissance,tcp.ack
1.0,88,Reconnaissance,tcp.ack
0.0,89,Reconnaissance,tcp.ack
0.0,90,Reconnaissance,tcp.ack
0.0,91,Reconnaissance,tcp.ack
0.0,92,Reconnaissance,tcp.ack
0.0,93,Reconnaissance,tcp.ack
0.0,94,Reconnaissance,tcp.ack
0.0,95,Reconnaissance,tcp.ack
0.0,96,Reconnaissance,tcp.ack
1.0,97,Reconnaissance,tcp.ack
0.0,98,Reconnaissance,tcp.ack
0.0,99,Reconnaissance,tcp.ack
0.0,100,Reconnaissance,tcp.ack
0.0,101,Reconnaissance,tcp.ack
0.0,102,Reconnaissance,tcp.ack
0.0,103,Reconnaissance,tcp.ack
0.0,104,Reconnaissance,tcp.ack
0.0,105,Reconnaissance,tcp.ack
1.0,106,Reconnaissance,tcp.ack
0.0,107,Reconnaissance,tcp.ack
1.0,108,Reconnaissance,tcp.ack
0.0,109,Reconnaissance,tcp.ack
0.0,110,Reconnaissance,tcp.ack
0.0,111,Reconnaissance,tcp.ack
0.0,112,Reconnaissance,tcp.ack
0.0,113,Reconnaissance,tcp.ack
0.0,114,Reconnaissance,tcp.ack
0.0,115,Reconnaissance,tcp.ack
0.0,116,Reconnaissance,tcp.ack
1.0,117,Reconnaissance,tcp.ack
0.0,118,Reconnaissance,tcp.ack
1.0,119,Reconnaissance,tcp.ack
0.0,120,Reconnaissance,tcp.ack
0.0,121,Reconnaissance,tcp.ack
0.0,122,Reconnaissance,tcp.ack
0.0,123,Reconnaissance,tcp.ack
0.0,124,Reconnaissance,tcp.ack
0.0,125,Reconnaissance,tcp.ack
0.0,126,Reconnaissance,tcp.ack
0.0,127,Reconnaissance,tcp.ack
1.0,128,Reconnaissance,tcp.ack
0.0,129,Reconnaissance,tcp.ack
1.0,130,Reconnaissance,tcp.ack
0.0,131,Reconnaissance,tcp.ack
0.0,132,Reconnaissance,tcp.ack
0.0,133,Reconnaissance,tcp.ack
0.0,134,Reconnaissance,tcp.ack
0.0,135,Reconnaissance,tcp.ack
0.0,136,Reconnaissance,tcp.ack
0.0,137,Reconnaissance,tcp.ack
0.0,138,Reconnaissance,tcp.ack
1.0,139,Reconnaissance,tcp.ack
0.0,140,Reconnaissance,tcp.ack
0.0,141,Reconnaissance,tcp.ack
0.0,142,Reconnaissance,tcp.ack
0.0,143,Reconnaissance,tcp.ack
0.0,144,Reconnaissance,tcp.ack
0.0,145,Reconnaissance,tcp.ack
0.0,146,Reconnaissance,tcp.ack
0.0,147,Reconnaissance,tcp.ack
1.0,148,Reconnaissance,tcp.ack
0.0,149,Reconnaissance,tcp.ack
0.0,150,Reconnaissance,tcp.ack
0.0,151,Reconnaissance,tcp.ack
0.0,152,Reconnaissance,tcp.ack
0.0,153,Reconnaissance,tcp.ack
0.0,154,Reconnaissance,tcp.ack
0.0,155,Reconnaissance,tcp.ack
0.0,156,Reconnaissance,tcp.ack
1.0,157,Reconnaissance,tcp.ack
0.0,158,Reconnaissance,tcp.ack
1.0,159,Reconnaissance,tcp.ack
0.0,160,Reconnaissance,tcp.ack
0.0,161,Reconnaissance,tcp.ack
0.0,162,Reconnaissance,tcp.ack
0.0,163,Reconnaissance,tcp.ack
0.0,164,Reconnaissance,tcp.ack
0.0,165,Reconnaissance,tcp.ack
0.0,166,Reconnaissance,tcp.ack
0.0,167,Reconnaissance,tcp.ack
1.0,168,Reconnaissance,tcp.ack
0.0,169,Reconnaissance,tcp.ack
0.0,170,Reconnaissance,tcp.ack
0.0,171,Reconnaissance,tcp.ack
0.0,172,Reconnaissance,tcp.ack
0.0,173,Reconnaissance,tcp.ack
0.0,174,Reconnaissance,tcp.ack
0.0,175,Reconnaissance,tcp.ack
0.0,176,Reconnaissance,tcp.ack
1.0,177,Reconnaissance,tcp.ack
0.0,178,Reconnaissance,tcp.ack
1.0,179,Reconnaissance,tcp.ack
0.0,180,Reconnaissance,tcp.ack
0.0,181,Reconnaissance,tcp.ack
0.0,182,Reconnaissance,tcp.ack
0.0,183,Reconnaissance,tcp.ack
0.0,184,Reconnaissance,tcp.ack
0.0,185,Reconnaissance,tcp.ack
0.0,186,Reconnaissance,tcp.ack
0.0,187,Reconnaissance,tcp.ack
1.0,188,Reconnaissance,tcp.ack
0.0,189,Reconnaissance,tcp.ack
1.0,190,Reconnaissance,tcp.ack
0.0,191,Reconnaissance,tcp.ack
0.0,192,Reconnaissance,tcp.ack
0.0,193,Reconnaissance,tcp.ack
0.0,194,Reconnaissance,tcp.ack
0.0,195,Reconnaissance,tcp.ack
0.0,196,Reconnaissance,tcp.ack
0.0,197,Reconnaissance,tcp.ack
0.0,198,Reconnaissance,tcp.ack
1.0,199,Reconnaissance,tcp.ack
0.0,200,Reconnaissance,tcp.ack
1.0,201,Reconnaissance,tcp.ack
0.0,202,Reconnaissance,tcp.ack
0.0,203,Reconnaissance,tcp.ack
0.0,204,Reconnaissance,tcp.ack
0.0,205,Reconnaissance,tcp.ack
0.0,206,Reconnaissance,tcp.ack
0.0,207,Reconnaissance,tcp.ack
0.0,208,Reconnaissance,tcp.ack
0.0,209,Reconnaissance,tcp.ack
1.0,210,Reconnaissance,tcp.ack
0.0,211,Reconnaissance,tcp.ack
0.0,212,Reconnaissance,tcp.ack
0.0,213,Reconnaissance,tcp.ack
0.0,214,Reconnaissance,tcp.ack
0.0,215,Reconnaissance,tcp.ack
0.0,216,Reconnaissance,tcp.ack
0.0,217,Reconnaissance,tcp.ack
0.0,218,Reconnaissance,tcp.ack
1.0,219,Reconnaissance,tcp.ack
0.0,220,Reconnaissance,tcp.ack
1.0,221,Reconnaissance,tcp.ack
0.0,222,Reconnaissance,tcp.ack
0.0,223,Reconnaissance,tcp.ack
0.0,224,Reconnaissance,tcp.ack
0.0,225,Reconnaissance,tcp.ack
0.0,226,Reconnaissance,tcp.ack
0.0,227,Reconnaissance,tcp.ack
0.0,228,Reconnaissance,tcp.ack
0.0,229,Reconnaissance,tcp.ack
1.0,230,Reconnaissance,tcp.ack
0.0,231,Reconnaissance,tcp.ack
0.0,232,Reconnaissance,tcp.ack
0.0,233,Reconnaissance,tcp.ack
0.0,234,Reconnaissance,tcp.ack
0.0,235,Reconnaissance,tcp.ack
0.0,236,Reconnaissance,tcp.ack
0.0,237,Reconnaissance,tcp.ack
0.0,238,Reconnaissance,tcp.ack
1.0,239,Reconnaissance,tcp.ack
0.0,240,Reconnaissance,tcp.ack
1.0,241,Reconnaissance,tcp.ack
0.0,242,Reconnaissance,tcp.ack
0.0,243,Reconnaissance,tcp.ack
0.0,244,Reconnaissance,tcp.ack
0.0,245,Reconnaissance,tcp.ack
0.0,246,Reconnaissance,tcp.ack
0.0,247,Reconnaissance,tcp.ack
0.0,248,Reconnaissance,tcp.ack
0.0,249,Reconnaissance,tcp.ack
1.0,250,Reconnaissance,tcp.ack
0.0,251,Reconnaissance,tcp.ack
1.0,252,Reconnaissance,tcp.ack
0.0,253,Reconnaissance,tcp.ack
0.0,254,Reconnaissance,tcp.ack
0.0,255,Reconnaissance,tcp.ack
0.0,256,Reconnaissance,tcp.ack
0.0,257,Reconnaissance,tcp.ack
0.0,258,Reconnaissance,tcp.ack
0.0,259,Reconnaissance,tcp.ack
0.0,260,Reconnaissance,tcp.ack
1.0,261,Reconnaissance,tcp.ack
0.0,262,Reconnaissance,tcp.ack
1.0,263,Reconnaissance,tcp.ack
0.0,264,Reconnaissance,tcp.ack
0.0,265,Reconnaissance,tcp.ack
0.0,266,Reconnaissance,tcp.ack
0.0,267,Reconnaissance,tcp.ack
0.0,268,Reconnaissance,tcp.ack
0.0,269,Reconnaissance,tcp.ack
0.0,270,Reconnaissance,tcp.ack
0.0,271,Reconnaissance,tcp.ack
1.0,272,Reconnaissance,tcp.ack
0.0,273,Reconnaissance,tcp.ack
1.0,274,Reconnaissance,tcp.ack
0.0,275,Reconnaissance,tcp.ack
0.0,276,Reconnaissance,tcp.ack
0.0,277,Reconnaissance,tcp.ack
0.0,278,Reconnaissance,tcp.ack
0.0,279,Reconnaissance,tcp.ack
0.0,280,Reconnaissance,tcp.ack
0.0,281,Reconnaissance,tcp.ack
0.0,282,Reconnaissance,tcp.ack
1.0,283,Reconnaissance,tcp.ack
0.0,284,Reconnaissance,tcp.ack
1.0,285,Reconnaissance,tcp.ack
0.0,286,Reconnaissance,tcp.ack
0.0,287,Reconnaissance,tcp.ack
0.0,288,Reconnaissance,tcp.ack
0.0,289,Reconnaissance,tcp.ack
0.0,290,Reconnaissance,tcp.ack
0.0,291,Reconnaissance,tcp.ack
0.0,292,Reconnaissance,tcp.ack
0.0,293,Reconnaissance,tcp.ack
1.0,294,Reconnaissance,tcp.ack
0.0,295,Reconnaissance,tcp.ack
1.0,296,Reconnaissance,tcp.ack
0.0,297,Reconnaissance,tcp.ack
0.0,298,Reconnaissance,tcp.ack
0.0,299,Reconnaissance,tcp.ack
0.0,0,MITM,tcp.len
68.0,1,MITM,tcp.len
65228.0,2,MITM,tcp.len
5353.0,3,MITM,tcp.len
5353.0,4,MITM,tcp.len
65228.0,5,MITM,tcp.len
5353.0,6,MITM,tcp.len
54042.0,7,MITM,tcp.len
5353.0,8,MITM,tcp.len
54042.0,9,MITM,tcp.len
5353.0,10,MITM,tcp.len
5353.0,11,MITM,tcp.len
5353.0,12,MITM,tcp.len
5353.0,13,MITM,tcp.len
5353.0,14,MITM,tcp.len
5353.0,15,MITM,tcp.len
5353.0,16,MITM,tcp.len
5353.0,17,MITM,tcp.len
5353.0,18,MITM,tcp.len
5353.0,19,MITM,tcp.len
5353.0,20,MITM,tcp.len
5353.0,21,MITM,tcp.len
68.0,22,MITM,tcp.len
57045.0,23,MITM,tcp.len
58914.0,24,MITM,tcp.len
5353.0,25,MITM,tcp.len
5353.0,26,MITM,tcp.len
57045.0,27,MITM,tcp.len
5353.0,28,MITM,tcp.len
5353.0,29,MITM,tcp.len
58914.0,30,MITM,tcp.len
5353.0,31,MITM,tcp.len
5353.0,32,MITM,tcp.len
5353.0,33,MITM,tcp.len
5353.0,34,MITM,tcp.len
5353.0,35,MITM,tcp.len
5353.0,36,MITM,tcp.len
5353.0,37,MITM,tcp.len
5353.0,38,MITM,tcp.len
5353.0,39,MITM,tcp.len
5353.0,40,MITM,tcp.len
5353.0,41,MITM,tcp.len
5353.0,42,MITM,tcp.len
68.0,43,MITM,tcp.len
57465.0,44,MITM,tcp.len
54976.0,45,MITM,tcp.len
5353.0,46,MITM,tcp.len
5353.0,47,MITM,tcp.len
57465.0,48,MITM,tcp.len
5353.0,49,MITM,tcp.len
5353.0,50,MITM,tcp.len
54976.0,51,MITM,tcp.len
5353.0,52,MITM,tcp.len
5353.0,53,MITM,tcp.len
5353.0,54,MITM,tcp.len
5353.0,55,MITM,tcp.len
5353.0,56,MITM,tcp.len
5353.0,57,MITM,tcp.len
5353.0,58,MITM,tcp.len
5353.0,59,MITM,tcp.len
5353.0,60,MITM,tcp.len
5353.0,61,MITM,tcp.len
5353.0,62,MITM,tcp.len
5353.0,63,MITM,tcp.len
68.0,64,MITM,tcp.len
56482.0,65,MITM,tcp.len
5353.0,66,MITM,tcp.len
5353.0,67,MITM,tcp.len
56482.0,68,MITM,tcp.len
5353.0,69,MITM,tcp.len
5353.0,70,MITM,tcp.len
49893.0,71,MITM,tcp.len
49893.0,72,MITM,tcp.len
5353.0,73,MITM,tcp.len
5353.0,74,MITM,tcp.len
5353.0,75,MITM,tcp.len
5353.0,76,MITM,tcp.len
5353.0,77,MITM,tcp.len
5353.0,78,MITM,tcp.len
5353.0,79,MITM,tcp.len
5353.0,80,MITM,tcp.len
5353.0,81,MITM,tcp.len
5353.0,82,MITM,tcp.len
5353.0,83,MITM,tcp.len
5353.0,84,MITM,tcp.len
57342.0,85,MITM,tcp.len
123.0,86,MITM,tcp.len
68.0,87,MITM,tcp.len
5353.0,88,MITM,tcp.len
5353.0,89,MITM,tcp.len
60724.0,90,MITM,tcp.len
5353.0,91,MITM,tcp.len
5353.0,92,MITM,tcp.len
49436.0,93,MITM,tcp.len
60724.0,94,MITM,tcp.len
49436.0,95,MITM,tcp.len
68.0,96,MITM,tcp.len
5353.0,97,MITM,tcp.len
5353.0,98,MITM,tcp.len
56766.0,99,MITM,tcp.len
5353.0,100,MITM,tcp.len
5353.0,101,MITM,tcp.len
52047.0,102,MITM,tcp.len
52047.0,103,MITM,tcp.len
5353.0,104,MITM,tcp.len
5353.0,105,MITM,tcp.len
5353.0,106,MITM,tcp.len
5353.0,107,MITM,tcp.len
5353.0,108,MITM,tcp.len
5353.0,109,MITM,tcp.len
5353.0,110,MITM,tcp.len
5353.0,111,MITM,tcp.len
5353.0,112,MITM,tcp.len
5353.0,113,MITM,tcp.len
5353.0,114,MITM,tcp.len
5353.0,115,MITM,tcp.len
68.0,116,MITM,tcp.len
51065.0,117,MITM,tcp.len
56629.0,118,MITM,tcp.len
5353.0,119,MITM,tcp.len
56629.0,120,MITM,tcp.len
5353.0,121,MITM,tcp.len
51065.0,122,MITM,tcp.len
5353.0,123,MITM,tcp.len
5353.0,124,MITM,tcp.len
5353.0,125,MITM,tcp.len
5353.0,126,MITM,tcp.len
5353.0,127,MITM,tcp.len
5353.0,128,MITM,tcp.len
5353.0,129,MITM,tcp.len
5353.0,130,MITM,tcp.len
5353.0,131,MITM,tcp.len
5353.0,132,MITM,tcp.len
5353.0,133,MITM,tcp.len
5353.0,134,MITM,tcp.len
5353.0,135,MITM,tcp.len
5353.0,136,MITM,tcp.len
68.0,137,MITM,tcp.len
63766.0,138,MITM,tcp.len
60345.0,139,MITM,tcp.len
5353.0,140,MITM,tcp.len
5353.0,141,MITM,tcp.len
63766.0,142,MITM,tcp.len
5353.0,143,MITM,tcp.len
5353.0,144,MITM,tcp.len
60345.0,145,MITM,tcp.len
137.0,146,MITM,tcp.len
5353.0,147,MITM,tcp.len
5353.0,148,MITM,tcp.len
5353.0,149,MITM,tcp.len
5353.0,150,MITM,tcp.len
137.0,151,MITM,tcp.len
137.0,152,MITM,tcp.len
5353.0,153,MITM,tcp.len
5353.0,154,MITM,tcp.len
5353.0,155,MITM,tcp.len
5353.0,156,MITM,tcp.len
5353.0,157,MITM,tcp.len
5353.0,158,MITM,tcp.len
5353.0,159,MITM,tcp.len
5353.0,160,MITM,tcp.len
5353.0,161,MITM,tcp.len
5353.0,162,MITM,tcp.len
62897.0,163,MITM,tcp.len
61944.0,164,MITM,tcp.len
5353.0,165,MITM,tcp.len
5353.0,166,MITM,tcp.len
61944.0,167,MITM,tcp.len
5353.0,168,MITM,tcp.len
5353.0,169,MITM,tcp.len
5353.0,170,MITM,tcp.len
68.0,171,MITM,tcp.len
5353.0,172,MITM,tcp.len
5353.0,173,MITM,tcp.len
5353.0,174,MITM,tcp.len
49432.0,175,MITM,tcp.len
5353.0,176,MITM,tcp.len
5353.0,177,MITM,tcp.len
50306.0,178,MITM,tcp.len
5353.0,179,MITM,tcp.len
5353.0,180,MITM,tcp.len
5353.0,181,MITM,tcp.len
5353.0,182,MITM,tcp.len
5353.0,183,MITM,tcp.len
5353.0,184,MITM,tcp.len
5353.0,185,MITM,tcp.len
5353.0,186,MITM,tcp.len
5353.0,187,MITM,tcp.len
5353.0,188,MITM,tcp.len
5353.0,189,MITM,tcp.len
5353.0,190,MITM,tcp.len
5353.0,191,MITM,tcp.len
5353.0,192,MITM,tcp.len
5353.0,193,MITM,tcp.len
5353.0,194,MITM,tcp.len
5353.0,195,MITM,tcp.len
5353.0,196,MITM,tcp.len
5353.0,197,MITM,tcp.len
5353.0,198,MITM,tcp.len
68.0,199,MITM,tcp.len
61010.0,200,MITM,tcp.len
5353.0,201,MITM,tcp.len
5353.0,202,MITM,tcp.len
61010.0,203,MITM,tcp.len
5353.0,204,MITM,tcp.len
5353.0,205,MITM,tcp.len
5353.0,206,MITM,tcp.len
5353.0,207,MITM,tcp.len
5353.0,208,MITM,tcp.len
5353.0,209,MITM,tcp.len
5353.0,210,MITM,tcp.len
5353.0,211,MITM,tcp.len
5353.0,212,MITM,tcp.len
5353.0,213,MITM,tcp.len
5353.0,214,MITM,tcp.len
5353.0,215,MITM,tcp.len
68.0,216,MITM,tcp.len
62377.0,217,MITM,tcp.len
49909.0,218,MITM,tcp.len
5353.0,219,MITM,tcp.len
5353.0,220,MITM,tcp.len
62377.0,221,MITM,tcp.len
5353.0,222,MITM,tcp.len
5353.0,223,MITM,tcp.len
49909.0,224,MITM,tcp.len
5353.0,225,MITM,tcp.len
5353.0,226,MITM,tcp.len
5353.0,227,MITM,tcp.len
5353.0,228,MITM,tcp.len
5353.0,229,MITM,tcp.len
5353.0,230,MITM,tcp.len
5353.0,231,MITM,tcp.len
5353.0,232,MITM,tcp.len
5353.0,233,MITM,tcp.len
5353.0,234,MITM,tcp.len
5353.0,235,MITM,tcp.len
5353.0,236,MITM,tcp.len
68.0,237,MITM,tcp.len
59334.0,238,MITM,tcp.len
64719.0,239,MITM,tcp.len
5353.0,240,MITM,tcp.len
5353.0,241,MITM,tcp.len
59334.0,242,MITM,tcp.len
5353.0,243,MITM,tcp.len
5353.0,244,MITM,tcp.len
64719.0,245,MITM,tcp.len
68.0,246,MITM,tcp.len
59614.0,247,MITM,tcp.len
5353.0,248,MITM,tcp.len
5353.0,249,MITM,tcp.len
59614.0,250,MITM,tcp.len
5353.0,251,MITM,tcp.len
5353.0,252,MITM,tcp.len
57560.0,253,MITM,tcp.len
57560.0,254,MITM,tcp.len
5353.0,255,MITM,tcp.len
5353.0,256,MITM,tcp.len
5353.0,257,MITM,tcp.len
5353.0,258,MITM,tcp.len
5353.0,259,MITM,tcp.len
5353.0,260,MITM,tcp.len
5353.0,261,MITM,tcp.len
5353.0,262,MITM,tcp.len
5353.0,263,MITM,tcp.len
5353.0,264,MITM,tcp.len
5353.0,265,MITM,tcp.len
5353.0,266,MITM,tcp.len
5353.0,267,MITM,tcp.len
5353.0,268,MITM,tcp.len
5353.0,269,MITM,tcp.len
5353.0,270,MITM,tcp.len
5353.0,271,MITM,tcp.len
5353.0,272,MITM,tcp.len
5353.0,273,MITM,tcp.len
5353.0,274,MITM,tcp.len
5353.0,275,MITM,tcp.len
5353.0,276,MITM,tcp.len
5353.0,277,MITM,tcp.len
5353.0,278,MITM,tcp.len
5353.0,279,MITM,tcp.len
5353.0,280,MITM,tcp.len
50566.0,281,MITM,tcp.len
68.0,282,MITM,tcp.len
50566.0,283,MITM,tcp.len
5353.0,284,MITM,tcp.len
5353.0,285,MITM,tcp.len
64745.0,286,MITM,tcp.len
64745.0,287,MITM,tcp.len
5353.0,288,MITM,tcp.len
5353.0,289,MITM,tcp.len
5353.0,290,MITM,tcp.len
5353.0,291,MITM,tcp.len
5353.0,292,MITM,tcp.len
5353.0,293,MITM,tcp.len
5353.0,294,MITM,tcp.len
5353.0,295,MITM,tcp.len
5353.0,296,MITM,tcp.len
5353.0,297,MITM,tcp.len
5353.0,298,MITM,tcp.len
5353.0,299,MITM,tcp.len
64858.0,0,Normal,tcp.dstport
64859.0,1,Normal,tcp.dstport
1883.0,2,Normal,tcp.dstport
64865.0,3,Normal,tcp.dstport
64871.0,4,Normal,tcp.dstport
64889.0,5,Normal,tcp.dstport
64900.0,6,Normal,tcp.dstport
1883.0,7,Normal,tcp.dstport
64903.0,8,Normal,tcp.dstport
64903.0,9,Normal,tcp.dstport
0.0,10,Normal,tcp.dstport
1883.0,11,Normal,tcp.dstport
1883.0,12,Normal,tcp.dstport
64944.0,13,Normal,tcp.dstport
64945.0,14,Normal,tcp.dstport
1883.0,15,Normal,tcp.dstport
1883.0,16,Normal,tcp.dstport
64961.0,17,Normal,tcp.dstport
64961.0,18,Normal,tcp.dstport
64962.0,19,Normal,tcp.dstport
1883.0,20,Normal,tcp.dstport
1883.0,21,Normal,tcp.dstport
1883.0,22,Normal,tcp.dstport
64965.0,23,Normal,tcp.dstport
64981.0,24,Normal,tcp.dstport
64981.0,25,Normal,tcp.dstport
64985.0,26,Normal,tcp.dstport
64990.0,27,Normal,tcp.dstport
64993.0,28,Normal,tcp.dstport
1883.0,29,Normal,tcp.dstport
1883.0,30,Normal,tcp.dstport
65029.0,31,Normal,tcp.dstport
1883.0,32,Normal,tcp.dstport
1883.0,33,Normal,tcp.dstport
65045.0,34,Normal,tcp.dstport
65051.0,35,Normal,tcp.dstport
65054.0,36,Normal,tcp.dstport
1883.0,37,Normal,tcp.dstport
65054.0,38,Normal,tcp.dstport
1883.0,39,Normal,tcp.dstport
65058.0,40,Normal,tcp.dstport
65059.0,41,Normal,tcp.dstport
65061.0,42,Normal,tcp.dstport
1883.0,43,Normal,tcp.dstport
1883.0,44,Normal,tcp.dstport
65078.0,45,Normal,tcp.dstport
1883.0,46,Normal,tcp.dstport
65096.0,47,Normal,tcp.dstport
1883.0,48,Normal,tcp.dstport
65106.0,49,Normal,tcp.dstport
1883.0,50,Normal,tcp.dstport
1883.0,51,Normal,tcp.dstport
1883.0,52,Normal,tcp.dstport
1883.0,53,Normal,tcp.dstport
65135.0,54,Normal,tcp.dstport
1883.0,55,Normal,tcp.dstport
65143.0,56,Normal,tcp.dstport
65144.0,57,Normal,tcp.dstport
65147.0,58,Normal,tcp.dstport
65152.0,59,Normal,tcp.dstport
1883.0,60,Normal,tcp.dstport
1883.0,61,Normal,tcp.dstport
65164.0,62,Normal,tcp.dstport
65173.0,63,Normal,tcp.dstport
65174.0,64,Normal,tcp.dstport
65180.0,65,Normal,tcp.dstport
1883.0,66,Normal,tcp.dstport
1883.0,67,Normal,tcp.dstport
1883.0,68,Normal,tcp.dstport
65190.0,69,Normal,tcp.dstport
1883.0,70,Normal,tcp.dstport
65195.0,71,Normal,tcp.dstport
1883.0,72,Normal,tcp.dstport
65206.0,73,Normal,tcp.dstport
65217.0,74,Normal,tcp.dstport
1883.0,75,Normal,tcp.dstport
1883.0,76,Normal,tcp.dstport
65222.0,77,Normal,tcp.dstport
65250.0,78,Normal,tcp.dstport
1883.0,79,Normal,tcp.dstport
1883.0,80,Normal,tcp.dstport
65261.0,81,Normal,tcp.dstport
1883.0,82,Normal,tcp.dstport
1883.0,83,Normal,tcp.dstport
65273.0,84,Normal,tcp.dstport
65283.0,85,Normal,tcp.dstport
1883.0,86,Normal,tcp.dstport
65290.0,87,Normal,tcp.dstport
65300.0,88,Normal,tcp.dstport
65302.0,89,Normal,tcp.dstport
1883.0,90,Normal,tcp.dstport
65324.0,91,Normal,tcp.dstport
1883.0,92,Normal,tcp.dstport
1883.0,93,Normal,tcp.dstport
65336.0,94,Normal,tcp.dstport
65338.0,95,Normal,tcp.dstport
1883.0,96,Normal,tcp.dstport
1883.0,97,Normal,tcp.dstport
65351.0,98,Normal,tcp.dstport
1883.0,99,Normal,tcp.dstport
65363.0,100,Normal,tcp.dstport
65368.0,101,Normal,tcp.dstport
1883.0,102,Normal,tcp.dstport
65388.0,103,Normal,tcp.dstport
65391.0,104,Normal,tcp.dstport
65396.0,105,Normal,tcp.dstport
1883.0,106,Normal,tcp.dstport
65401.0,107,Normal,tcp.dstport
65405.0,108,Normal,tcp.dstport
1883.0,109,Normal,tcp.dstport
65409.0,110,Normal,tcp.dstport
65425.0,111,Normal,tcp.dstport
65440.0,112,Normal,tcp.dstport
1883.0,113,Normal,tcp.dstport
65456.0,114,Normal,tcp.dstport
1883.0,115,Normal,tcp.dstport
1883.0,116,Normal,tcp.dstport
65466.0,117,Normal,tcp.dstport
1883.0,118,Normal,tcp.dstport
1883.0,119,Normal,tcp.dstport
1883.0,120,Normal,tcp.dstport
1883.0,121,Normal,tcp.dstport
65480.0,122,Normal,tcp.dstport
1883.0,123,Normal,tcp.dstport
65483.0,124,Normal,tcp.dstport
1883.0,125,Normal,tcp.dstport
65489.0,126,Normal,tcp.dstport
65497.0,127,Normal,tcp.dstport
1883.0,128,Normal,tcp.dstport
65503.0,129,Normal,tcp.dstport
65504.0,130,Normal,tcp.dstport
1883.0,131,Normal,tcp.dstport
1883.0,132,Normal,tcp.dstport
1883.0,133,Normal,tcp.dstport
1883.0,134,Normal,tcp.dstport
65523.0,135,Normal,tcp.dstport
1883.0,136,Normal,tcp.dstport
1883.0,137,Normal,tcp.dstport
49161.0,138,Normal,tcp.dstport
49163.0,139,Normal,tcp.dstport
1883.0,140,Normal,tcp.dstport
1883.0,141,Normal,tcp.dstport
49169.0,142,Normal,tcp.dstport
49170.0,143,Normal,tcp.dstport
1883.0,144,Normal,tcp.dstport
49181.0,145,Normal,tcp.dstport
1883.0,146,Normal,tcp.dstport
49182.0,147,Normal,tcp.dstport
49185.0,148,Normal,tcp.dstport
1883.0,149,Normal,tcp.dstport
1883.0,150,Normal,tcp.dstport
49190.0,151,Normal,tcp.dstport
1883.0,152,Normal,tcp.dstport
1883.0,153,Normal,tcp.dstport
1883.0,154,Normal,tcp.dstport
49202.0,155,Normal,tcp.dstport
1883.0,156,Normal,tcp.dstport
1883.0,157,Normal,tcp.dstport
49228.0,158,Normal,tcp.dstport
49230.0,159,Normal,tcp.dstport
49234.0,160,Normal,tcp.dstport
49235.0,161,Normal,tcp.dstport
49239.0,162,Normal,tcp.dstport
1883.0,163,Normal,tcp.dstport
49244.0,164,Normal,tcp.dstport
1883.0,165,Normal,tcp.dstport
1883.0,166,Normal,tcp.dstport
49249.0,167,Normal,tcp.dstport
49251.0,168,Normal,tcp.dstport
49251.0,169,Normal,tcp.dstport
1883.0,170,Normal,tcp.dstport
1883.0,171,Normal,tcp.dstport
49264.0,172,Normal,tcp.dstport
1883.0,173,Normal,tcp.dstport
1883.0,174,Normal,tcp.dstport
1883.0,175,Normal,tcp.dstport
49277.0,176,Normal,tcp.dstport
1883.0,177,Normal,tcp.dstport
1883.0,178,Normal,tcp.dstport
1883.0,179,Normal,tcp.dstport
1883.0,180,Normal,tcp.dstport
49289.0,181,Normal,tcp.dstport
49301.0,182,Normal,tcp.dstport
1883.0,183,Normal,tcp.dstport
1883.0,184,Normal,tcp.dstport
1883.0,185,Normal,tcp.dstport
1883.0,186,Normal,tcp.dstport
49325.0,187,Normal,tcp.dstport
1883.0,188,Normal,tcp.dstport
1883.0,189,Normal,tcp.dstport
1883.0,190,Normal,tcp.dstport
1883.0,191,Normal,tcp.dstport
49346.0,192,Normal,tcp.dstport
49347.0,193,Normal,tcp.dstport
49356.0,194,Normal,tcp.dstport
49391.0,195,Normal,tcp.dstport
1883.0,196,Normal,tcp.dstport
1883.0,197,Normal,tcp.dstport
49398.0,198,Normal,tcp.dstport
49399.0,199,Normal,tcp.dstport
49401.0,200,Normal,tcp.dstport
1883.0,201,Normal,tcp.dstport
49416.0,202,Normal,tcp.dstport
1883.0,203,Normal,tcp.dstport
1883.0,204,Normal,tcp.dstport
49432.0,205,Normal,tcp.dstport
1883.0,206,Normal,tcp.dstport
1883.0,207,Normal,tcp.dstport
49437.0,208,Normal,tcp.dstport
1883.0,209,Normal,tcp.dstport
1883.0,210,Normal,tcp.dstport
49442.0,211,Normal,tcp.dstport
1883.0,212,Normal,tcp.dstport
49444.0,213,Normal,tcp.dstport
1883.0,214,Normal,tcp.dstport
49459.0,215,Normal,tcp.dstport
1883.0,216,Normal,tcp.dstport
49471.0,217,Normal,tcp.dstport
49472.0,218,Normal,tcp.dstport
1883.0,219,Normal,tcp.dstport
1883.0,220,Normal,tcp.dstport
1883.0,221,Normal,tcp.dstport
49482.0,222,Normal,tcp.dstport
49487.0,223,Normal,tcp.dstport
1883.0,224,Normal,tcp.dstport
1883.0,225,Normal,tcp.dstport
1883.0,226,Normal,tcp.dstport
1883.0,227,Normal,tcp.dstport
49504.0,228,Normal,tcp.dstport
49508.0,229,Normal,tcp.dstport
1883.0,230,Normal,tcp.dstport
49513.0,231,Normal,tcp.dstport
1883.0,232,Normal,tcp.dstport
49527.0,233,Normal,tcp.dstport
49539.0,234,Normal,tcp.dstport
1883.0,235,Normal,tcp.dstport
49544.0,236,Normal,tcp.dstport
1883.0,237,Normal,tcp.dstport
1883.0,238,Normal,tcp.dstport
49562.0,239,Normal,tcp.dstport
49564.0,240,Normal,tcp.dstport
1883.0,241,Normal,tcp.dstport
49576.0,242,Normal,tcp.dstport
1883.0,243,Normal,tcp.dstport
49586.0,244,Normal,tcp.dstport
49599.0,245,Normal,tcp.dstport
49608.0,246,Normal,tcp.dstport
1883.0,247,Normal,tcp.dstport
49628.0,248,Normal,tcp.dstport
1883.0,249,Normal,tcp.dstport
1883.0,250,Normal,tcp.dstport
49640.0,251,Normal,tcp.dstport
49644.0,252,Normal,tcp.dstport
49646.0,253,Normal,tcp.dstport
49648.0,254,Normal,tcp.dstport
1883.0,255,Normal,tcp.dstport
49678.0,256,Normal,tcp.dstport
1883.0,257,Normal,tcp.dstport
1883.0,258,Normal,tcp.dstport
1883.0,259,Normal,tcp.dstport
1883.0,260,Normal,tcp.dstport
1883.0,261,Normal,tcp.dstport
1883.0,262,Normal,tcp.dstport
49695.0,263,Normal,tcp.dstport
49699.0,264,Normal,tcp.dstport
49703.0,265,Normal,tcp.dstport
1883.0,266,Normal,tcp.dstport
1883.0,267,Normal,tcp.dstport
49719.0,268,Normal,tcp.dstport
1883.0,269,Normal,tcp.dstport
49726.0,270,Normal,tcp.dstport
49732.0,271,Normal,tcp.dstport
49738.0,272,Normal,tcp.dstport
1883.0,273,Normal,tcp.dstport
1883.0,274,Normal,tcp.dstport
1883.0,275,Normal,tcp.dstport
49760.0,276,Normal,tcp.dstport
1883.0,277,Normal,tcp.dstport
49761.0,278,Normal,tcp.dstport
1883.0,279,Normal,tcp.dstport
1883.0,280,Normal,tcp.dstport
1883.0,281,Normal,tcp.dstport
49782.0,282,Normal,tcp.dstport
1883.0,283,Normal,tcp.dstport
1883.0,284,Normal,tcp.dstport
49796.0,285,Normal,tcp.dstport
1883.0,286,Normal,tcp.dstport
1883.0,287,Normal,tcp.dstport
49805.0,288,Normal,tcp.dstport
1883.0,289,Normal,tcp.dstport
49809.0,290,Normal,tcp.dstport
49812.0,291,Normal,tcp.dstport
49813.0,292,Normal,tcp.dstport
49820.0,293,Normal,tcp.dstport
1883.0,294,Normal,tcp.dstport
49829.0,295,Normal,tcp.dstport
49832.0,296,Normal,tcp.dstport
1883.0,297,Normal,tcp.dstport
49840.0,298,Normal,tcp.dstport
1883.0,299,Normal,tcp.dstport
